﻿<AML>
 <Item type="RelationshipType" id="E8C9ECD95D474A929B61E34C3CA26D45" action="add" dependencyLevel="0">
  <auto_search>1</auto_search>
  <behavior>float</behavior>
  <copy_permissions>0</copy_permissions>
  <create_related>0</create_related>
  <hide_in_all>0</hide_in_all>
  <inc_rel_key_name>1</inc_rel_key_name>
  <inc_related_key_name>1</inc_related_key_name>
  <is_list_type>0</is_list_type>
  <label xml:lang="en">Countries</label>
  <new_show_related>0</new_show_related>
  <related_id keyed_name="Country" type="ItemType" name="Country">1B3E17CFDF784FC9BDE40950E1065224</related_id>
  <related_notnull>0</related_notnull>
  <related_option>2</related_option>
  <relationship_id keyed_name="Continent Country" type="ItemType" name="Continent Country">
   <Item type="ItemType" id="F7CBD4DA6A96447AABA8D92ACD0026F1" action="add">
    <allow_private_permission>1</allow_private_permission>
    <auto_search>0</auto_search>
    <enforce_discovery>0</enforce_discovery>
    <hide_where_used>0</hide_where_used>
    <implementation_type>table</implementation_type>
    <instance_data>CONTINENT_COUNTRY</instance_data>
    <is_dependent>0</is_dependent>
    <is_relationship>1</is_relationship>
    <is_versionable>0</is_versionable>
    <revisions keyed_name="Default" type="Revision">7FE395DD8B9F4E1090756A34B733D75E</revisions>
    <show_parameters_tab>1</show_parameters_tab>
    <unlock_on_logout>0</unlock_on_logout>
    <use_src_access>1</use_src_access>
    <name>Continent Country</name>
    <Relationships></Relationships>
   </Item>
  </relationship_id>
  <sort_order>1</sort_order>
  <source_id keyed_name="Continent" type="ItemType" name="Continent">C56EFE2F3DB2442D80012BED3B25FA07</source_id>
  <name>Continent Country</name>
 </Item>
 <Item type="View" action="delete" where="source_id='F7CBD4DA6A96447AABA8D92ACD0026F1'" />
 <Item type="Form" action="delete" where="name='Continent Country'" />
</AML>