﻿<AML>
 <Item type="Permission" id="4B02601BD5CD476AB58A048179BF304D" action="add">
  <is_private>0</is_private>
  <name>Continent</name>
  <Relationships>
   <Item type="Access" id="10D9D0C5045745CF8E399FE8E2403534" action="add">
    <can_change_access>1</can_change_access>
    <can_delete>1</can_delete>
    <can_discover>1</can_discover>
    <can_get>1</can_get>
    <can_update>1</can_update>
    <related_id keyed_name="World" type="Identity">
     <Item type="Identity" action="get" select="id">
      <name>World</name>
     </Item>
    </related_id>
    <show_permissions_warning>1</show_permissions_warning>
    <sort_order>128</sort_order>
    <source_id keyed_name="Continent" type="Permission">4B02601BD5CD476AB58A048179BF304D</source_id>
   </Item>
  </Relationships>
 </Item>
</AML>