﻿<AML>
 <Item type="Permission" id="56E1712166EE4BF6944EB8B6A93B5FC8" action="add">
  <is_private>0</is_private>
  <name>Country</name>
  <Relationships>
   <Item type="Access" id="DB1B77D2F8754DF2823F0CDAF797EF91" action="add">
    <can_change_access>1</can_change_access>
    <can_delete>1</can_delete>
    <can_discover>1</can_discover>
    <can_get>1</can_get>
    <can_update>1</can_update>
    <related_id keyed_name="World" type="Identity">
     <Item type="Identity" action="get" select="id">
      <name>World</name>
     </Item>
    </related_id>
    <show_permissions_warning>1</show_permissions_warning>
    <sort_order>128</sort_order>
    <source_id keyed_name="Country" type="Permission">56E1712166EE4BF6944EB8B6A93B5FC8</source_id>
   </Item>
  </Relationships>
 </Item>
</AML>