﻿<AML>
 <Item type="ItemType" id="C56EFE2F3DB2442D80012BED3B25FA07" action="add">
  <allow_private_permission>1</allow_private_permission>
  <auto_search>1</auto_search>
  <enforce_discovery>1</enforce_discovery>
  <hide_where_used>0</hide_where_used>
  <implementation_type>table</implementation_type>
  <instance_data>CONTINENT</instance_data>
  <is_dependent>0</is_dependent>
  <is_relationship>0</is_relationship>
  <is_versionable>0</is_versionable>
  <label xml:lang="en">Continent</label>
  <label_plural xml:lang="en">Continents</label_plural>
  <large_icon>../Images/WorkflowMap.svg</large_icon>
  <open_icon>../Images/WorkflowMap.svg</open_icon>
  <revisions keyed_name="Default" type="Revision">7FE395DD8B9F4E1090756A34B733D75E</revisions>
  <show_parameters_tab>1</show_parameters_tab>
  <structure_view>tab view</structure_view>
  <unlock_on_logout>0</unlock_on_logout>
  <use_src_access>0</use_src_access>
  <name>Continent</name>
  <Relationships>
   <Item type="Property" id="AFCE91BFC78A4FF4A8A2F329DF917CC1" action="add">
    <column_alignment>left</column_alignment>
    <data_type>string</data_type>
    <is_hidden>1</is_hidden>
    <is_hidden2>0</is_hidden2>
    <is_indexed>0</is_indexed>
    <is_keyed>0</is_keyed>
    <is_multi_valued>0</is_multi_valued>
    <is_required>1</is_required>
    <label xml:lang="en">Continent Code</label>
    <range_inclusive>0</range_inclusive>
    <readonly>0</readonly>
    <sort_order>3072</sort_order>
    <source_id keyed_name="Continent" type="ItemType" name="Continent">C56EFE2F3DB2442D80012BED3B25FA07</source_id>
    <stored_length>2</stored_length>
    <track_history>0</track_history>
    <name>continent_code</name>
   </Item>
   <Item type="Property" id="B79C872950A94D1086C703694DD63E85" action="add">
    <column_alignment>left</column_alignment>
    <data_type>string</data_type>
    <is_hidden>0</is_hidden>
    <is_hidden2>0</is_hidden2>
    <is_indexed>0</is_indexed>
    <is_keyed>0</is_keyed>
    <is_multi_valued>0</is_multi_valued>
    <is_required>1</is_required>
    <keyed_name_order>1</keyed_name_order>
    <label xml:lang="en">Continent Name</label>
    <order_by>1</order_by>
    <range_inclusive>0</range_inclusive>
    <readonly>0</readonly>
    <sort_order>3200</sort_order>
    <source_id keyed_name="Continent" type="ItemType" name="Continent">C56EFE2F3DB2442D80012BED3B25FA07</source_id>
    <stored_length>60</stored_length>
    <track_history>0</track_history>
    <name>continent_name</name>
   </Item>
   <Item type="View" id="568CB3FCFFDE41E4AAC7EB7A6227522B" action="add">
    <client>js</client>
    <related_id keyed_name="Continent" type="Form">9C20F938EF2E4AA787C877157AE85BEA</related_id>
    <role keyed_name="World" type="Identity">
     <Item type="Identity" action="get" select="id">
      <name>World</name>
     </Item>
    </role>
    <sort_order>128</sort_order>
    <source_id keyed_name="Continent" type="ItemType" name="Continent">C56EFE2F3DB2442D80012BED3B25FA07</source_id>
    <type>default</type>
   </Item>
   <Item type="TOC Access" id="02D8166A5416435A8BA5081805AEC334" action="add">
    <related_id keyed_name="World" type="Identity">
     <Item type="Identity" action="get" select="id">
      <name>World</name>
     </Item>
    </related_id>
    <sort_order>128</sort_order>
    <source_id keyed_name="Continent" type="ItemType" name="Continent">C56EFE2F3DB2442D80012BED3B25FA07</source_id>
    <category>Training Innovator</category>
   </Item>
   <Item type="Can Add" id="FC43DDDA7F694627BC9D9BE150057167" action="add">
    <can_add>1</can_add>
    <related_id keyed_name="World" type="Identity">
     <Item type="Identity" action="get" select="id">
      <name>World</name>
     </Item>
    </related_id>
    <sort_order>128</sort_order>
    <source_id keyed_name="Continent" type="ItemType" name="Continent">C56EFE2F3DB2442D80012BED3B25FA07</source_id>
   </Item>
   <Item type="Allowed Permission" id="71251BFE461840AEB6493C232337CE75" action="add">
    <is_default>1</is_default>
    <related_id keyed_name="Continent" type="Permission">4B02601BD5CD476AB58A048179BF304D</related_id>
    <sort_order>128</sort_order>
    <source_id keyed_name="Continent" type="ItemType" name="Continent">C56EFE2F3DB2442D80012BED3B25FA07</source_id>
   </Item>
  </Relationships>
 </Item>
</AML>