﻿<AML>
 <Item type="ItemType" id="1B3E17CFDF784FC9BDE40950E1065224" action="add">
  <allow_private_permission>1</allow_private_permission>
  <auto_search>1</auto_search>
  <enforce_discovery>1</enforce_discovery>
  <hide_where_used>0</hide_where_used>
  <implementation_type>table</implementation_type>
  <instance_data>COUNTRY</instance_data>
  <is_dependent>0</is_dependent>
  <is_relationship>0</is_relationship>
  <is_versionable>0</is_versionable>
  <label xml:lang="en">Country</label>
  <label_plural xml:lang="en">Countries</label_plural>
  <large_icon>../Images/WorkflowProcess.svg</large_icon>
  <open_icon>../Images/WorkflowProcess.svg</open_icon>
  <revisions keyed_name="Default" type="Revision">7FE395DD8B9F4E1090756A34B733D75E</revisions>
  <show_parameters_tab>1</show_parameters_tab>
  <unlock_on_logout>0</unlock_on_logout>
  <use_src_access>0</use_src_access>
  <name>Country</name>
  <Relationships>
   <Item type="Property" id="2F867326B9AF42259631E8E31BB25C9F" action="add">
    <column_alignment>right</column_alignment>
    <data_type>float</data_type>
    <is_hidden>0</is_hidden>
    <is_hidden2>0</is_hidden2>
    <is_indexed>0</is_indexed>
    <is_keyed>0</is_keyed>
    <is_multi_valued>0</is_multi_valued>
    <is_required>0</is_required>
    <label xml:lang="en">Area in Square KM</label>
    <range_inclusive>0</range_inclusive>
    <readonly>0</readonly>
    <scale>1</scale>
    <sort_order>3584</sort_order>
    <source_id keyed_name="Country" type="ItemType" name="Country">1B3E17CFDF784FC9BDE40950E1065224</source_id>
    <track_history>0</track_history>
    <name>country_area</name>
   </Item>
   <Item type="Property" id="7303755CE82C47AA848A6BDA71D10EB1" action="add">
    <column_alignment>left</column_alignment>
    <data_type>string</data_type>
    <is_hidden>0</is_hidden>
    <is_hidden2>0</is_hidden2>
    <is_indexed>0</is_indexed>
    <is_keyed>0</is_keyed>
    <is_multi_valued>0</is_multi_valued>
    <is_required>0</is_required>
    <label xml:lang="en">Capital</label>
    <range_inclusive>0</range_inclusive>
    <readonly>0</readonly>
    <sort_order>3456</sort_order>
    <source_id keyed_name="Country" type="ItemType" name="Country">1B3E17CFDF784FC9BDE40950E1065224</source_id>
    <stored_length>50</stored_length>
    <track_history>0</track_history>
    <name>country_capital</name>
   </Item>
   <Item type="Property" id="922A213650814EB3A7201FCCAC052247" action="add">
    <column_alignment>left</column_alignment>
    <data_type>string</data_type>
    <is_hidden>0</is_hidden>
    <is_hidden2>0</is_hidden2>
    <is_indexed>0</is_indexed>
    <is_keyed>0</is_keyed>
    <is_multi_valued>0</is_multi_valued>
    <is_required>0</is_required>
    <label xml:lang="en">Currency Code</label>
    <range_inclusive>0</range_inclusive>
    <readonly>0</readonly>
    <sort_order>3840</sort_order>
    <source_id keyed_name="Country" type="ItemType" name="Country">1B3E17CFDF784FC9BDE40950E1065224</source_id>
    <stored_length>3</stored_length>
    <track_history>0</track_history>
    <name>country_currency_code</name>
   </Item>
   <Item type="Property" id="21E862B1F74D4F2B84F05789901E1C51" action="add">
    <column_alignment>left</column_alignment>
    <data_type>string</data_type>
    <is_hidden>0</is_hidden>
    <is_hidden2>0</is_hidden2>
    <is_indexed>0</is_indexed>
    <is_keyed>0</is_keyed>
    <is_multi_valued>0</is_multi_valued>
    <is_required>0</is_required>
    <label xml:lang="en">Currency Name</label>
    <range_inclusive>0</range_inclusive>
    <readonly>0</readonly>
    <sort_order>3968</sort_order>
    <source_id keyed_name="Country" type="ItemType" name="Country">1B3E17CFDF784FC9BDE40950E1065224</source_id>
    <stored_length>20</stored_length>
    <track_history>0</track_history>
    <name>country_currency_name</name>
   </Item>
   <Item type="Property" id="460D81CC93864FDFB1FFFAF25747E77D" action="add">
    <column_alignment>left</column_alignment>
    <data_type>string</data_type>
    <is_hidden>0</is_hidden>
    <is_hidden2>0</is_hidden2>
    <is_indexed>0</is_indexed>
    <is_keyed>0</is_keyed>
    <is_multi_valued>0</is_multi_valued>
    <is_required>1</is_required>
    <label xml:lang="en">ISO</label>
    <range_inclusive>0</range_inclusive>
    <readonly>0</readonly>
    <sort_order>3200</sort_order>
    <source_id keyed_name="Country" type="ItemType" name="Country">1B3E17CFDF784FC9BDE40950E1065224</source_id>
    <stored_length>2</stored_length>
    <track_history>0</track_history>
    <name>country_iso</name>
   </Item>
   <Item type="Property" id="770F54EE0340470F85267824F29F97A4" action="add">
    <column_alignment>left</column_alignment>
    <data_type>string</data_type>
    <is_hidden>0</is_hidden>
    <is_hidden2>0</is_hidden2>
    <is_indexed>0</is_indexed>
    <is_keyed>0</is_keyed>
    <is_multi_valued>0</is_multi_valued>
    <is_required>0</is_required>
    <label xml:lang="en">ISO3</label>
    <range_inclusive>0</range_inclusive>
    <readonly>0</readonly>
    <sort_order>3328</sort_order>
    <source_id keyed_name="Country" type="ItemType" name="Country">1B3E17CFDF784FC9BDE40950E1065224</source_id>
    <stored_length>3</stored_length>
    <track_history>0</track_history>
    <name>country_iso3</name>
   </Item>
   <Item type="Property" id="A9FAE9AE2DC644BCB1A655000396BD51" action="add">
    <column_alignment>left</column_alignment>
    <data_type>string</data_type>
    <is_hidden>0</is_hidden>
    <is_hidden2>0</is_hidden2>
    <is_indexed>0</is_indexed>
    <is_keyed>0</is_keyed>
    <is_multi_valued>0</is_multi_valued>
    <is_required>1</is_required>
    <keyed_name_order>1</keyed_name_order>
    <label xml:lang="en">Country Name</label>
    <order_by>1</order_by>
    <range_inclusive>0</range_inclusive>
    <readonly>0</readonly>
    <sort_order>3072</sort_order>
    <source_id keyed_name="Country" type="ItemType" name="Country">1B3E17CFDF784FC9BDE40950E1065224</source_id>
    <stored_length>50</stored_length>
    <track_history>0</track_history>
    <name>country_name</name>
   </Item>
   <Item type="Property" id="0A9E910C18304092B2D8BB7C524C7120" action="add">
    <column_alignment>right</column_alignment>
    <data_type>integer</data_type>
    <is_hidden>0</is_hidden>
    <is_hidden2>0</is_hidden2>
    <is_indexed>0</is_indexed>
    <is_keyed>0</is_keyed>
    <is_multi_valued>0</is_multi_valued>
    <is_required>0</is_required>
    <label xml:lang="en">Population</label>
    <range_inclusive>0</range_inclusive>
    <readonly>0</readonly>
    <sort_order>3712</sort_order>
    <source_id keyed_name="Country" type="ItemType" name="Country">1B3E17CFDF784FC9BDE40950E1065224</source_id>
    <track_history>0</track_history>
    <name>country_population</name>
   </Item>
   <Item type="View" id="DEB38ECE411247F5853D0820EBB38B30" action="add">
    <client>js</client>
    <related_id keyed_name="Country" type="Form">7BDDA368E2F14452903856BA90F331D7</related_id>
    <role keyed_name="World" type="Identity">
     <Item type="Identity" action="get" select="id">
      <name>World</name>
     </Item>
    </role>
    <sort_order>128</sort_order>
    <source_id keyed_name="Country" type="ItemType" name="Country">1B3E17CFDF784FC9BDE40950E1065224</source_id>
    <type>default</type>
   </Item>
   <Item type="TOC Access" id="9EA729895634460BA8C6DB2FF3C4F4BC" action="add">
    <related_id keyed_name="World" type="Identity">
     <Item type="Identity" action="get" select="id">
      <name>World</name>
     </Item>
    </related_id>
    <sort_order>128</sort_order>
    <source_id keyed_name="Country" type="ItemType" name="Country">1B3E17CFDF784FC9BDE40950E1065224</source_id>
    <category>Training Innovator</category>
   </Item>
   <Item type="Can Add" id="6D5BB8FEC0474F25A1F670DC7FEA6148" action="add">
    <can_add>1</can_add>
    <related_id keyed_name="World" type="Identity">
     <Item type="Identity" action="get" select="id">
      <name>World</name>
     </Item>
    </related_id>
    <sort_order>128</sort_order>
    <source_id keyed_name="Country" type="ItemType" name="Country">1B3E17CFDF784FC9BDE40950E1065224</source_id>
   </Item>
   <Item type="Allowed Permission" id="EB504A97320040B1BB13CAA2EA8B2A71" action="add">
    <is_default>1</is_default>
    <related_id keyed_name="Country" type="Permission">56E1712166EE4BF6944EB8B6A93B5FC8</related_id>
    <sort_order>128</sort_order>
    <source_id keyed_name="Country" type="ItemType" name="Country">1B3E17CFDF784FC9BDE40950E1065224</source_id>
   </Item>
  </Relationships>
 </Item>
</AML>